,Species,mean,sd
1,setosa,5.006,0.352489687213451
2,versicolor,5.936,0.516171147063863
3,virginica,6.588,0.635879593274432
